spid,chid,chnm,kcluster,OHPREG,PROG,OHPROG,DOC,CORTISOL,X11DCORT,ANDR,TESTO,ESTRONE,ESTRADIOL
01140036A,27608,Terbuthylazine,A,1.325260452,1.365004227,0,0,0,0,0,0,0.97259191,0
01140082A,20716,Hydroquinone,A,0,1.883238775,0,1.708282028,0,0,0,0,0,0
01140088A,26307,"2,6-Dimethylaniline",A,0,0,1.302152992,0,0,0,0,0,0,0
01140094A,21869,p-Cresol,A,0,0,1.261569739,0,0,0,0,0,1.108104643,1.398615885
01140110A,21386,"2,4,6-Trichlorophenol",A,0,1.267900234,1.146068951,0,0,0,0,0,0,0
01140132A,21864,"2,4-Dimethylphenol",A,0,0,0,0,0,0,0,1.283305681,1.124717094,0
01140136A,20439,"2,4-Dichlorophenol",A,0,0,1.630818522,0,0,0,0,0,1.756080625,7.588590156
01140164A,21135,C.I. Solvent Yellow 14,A,0.932503079,2.825439312,1.698376876,1.77678611,0,0,0,0,1.465294907,1.786614196
01140248A,26156,"Toluene-2,4-diisocyanate",A,0,0,0,-1.010911924,0,0,0,0,0,0
01140302A,24052,Dimethipin,A,0,1.586313714,0,1.314740719,0,0,0,0,0,0
01140310A,22370,Progesterone,A,1.04635134,1.751317942,0,7.677244453,0,2.189286625,0,0,0,0
01140322A,24836,"3,7-Dimethyl-2,6-octadienal",A,0,0,0,0,-1.345465401,-0.837301205,0,0,0,0
01140340A,21185,Prednisone,A,0,0,0,1.131577894,0,0,0,0,0,0
01140350A,20617,Eugenol,A,0,0,0,0,0,0,0,0,1.140296358,1.497513016
01140352A,20221,4-tert-Butylphenol,A,0,0,2.238067648,0,0,0,0,0,1.269656742,1.953637466
01140354A,20068,2-Aminoanthraquinone,A,0,2.688061305,2.637359986,0,0,0,0,0,1.3073221,0
01140382A,26081,"3,3',5,5'-Tetrabromobisphenol A",A,0,1.909601689,2.603657211,0,0,0,0,0,0,0
01140386A,27041,"2,4,7,9-Tetramethyl-5-decyne-4,7-diol",A,0,0,0,0,0,-0.759871435,0,0,0,0
01140450A,40742,Triamcinolone,A,0,0,0,2.159085114,0,0,0,0,0,0
01140474A,34187,Tamoxifen,A,0,0,1.167794692,-1.023452456,0,-0.659172739,0,0,0,0
01140478A,20930,Nicotine,A,0,0,0,1.155503373,-1.879292953,0,-0.863951754,-1.167658779,0,0
01140586A,47278,CP-457677,A,0,0,0,0,-1.935857651,0.604813096,0,0,1.189829159,1.381030302
01140588A,47296,Zenarestat,A,0,1.628321452,0,0,0,0,0,0,0,1.457821046
01140590A,47253,CP-401387,A,0.906789989,0,0,0,0,0,0,0,0,0
01140594A,47282,CP-671305,A,0,0,0,0,0,0,0,0,1.452364577,1.280796457
01140598A,47248,CI-1018,A,1.687259074,1.177209277,2.68298939,0,0,0,0,0,0,0
01140612A,22828,Cladribine,A,1.567408928,0,0,-1.298772424,0,0.620373744,0,0,1.916495377,0
01140624A,21834,4-Nitrophenol,A,0,0,1.480859806,0,0,0,0,0,0,0
01140636A,21239,all-trans-Retinoic acid,A,0,2.178168071,0,1.929639633,0,0,-1.260851636,0,0,0
01140654A,21771,4-(2-Methylbutan-2-yl)phenol,A,0,0,2.22734665,-1.579853695,0,0,0,0,0,0
01140658A,22332,4-(Butan-2-yl)phenol,A,0,0,1.85962306,0,0,0,0,0,0.920681453,0
01140718A,24000,Chlorthal-dimethyl,A,0,0,-1.305374442,1.343838315,0,0,-1.068489675,-1.592324948,1.142297437,1.856192846
01140728A,22377,17alpha-Estradiol,A,1.626082876,0,-1.337164676,-2.616552747,-2.067497409,-2.661900552,0,0,5.093925012,12.07921474
01140784A,27061,2-Naphthalenol,A,0,0,1.65988843,0,0,0,-1.305015539,-1.534771135,1.186202194,1.443117417
01140794A,37752,Diphenyl isophthalate,A,0,0,0,0,-1.420620426,-0.690756649,0,0,0,0
01140802A,21322,Disulfiram,A,0,0,0,0,0,0,-0.975853495,0,0,0
01140850A,40713,Octyl gallate,A,0,1.237329461,0,3.712844773,0,0,-1.566108664,-1.488244435,0,0
01140880A,20510,"7,12-Dimethylbenz(a)anthracene",A,0,0,0,0,0,0,0,0,1.242449196,1.201307839
01140914A,35001,10-Undecenoic acid,A,1.058818094,0,0,0,0,0,0,0,0,0
01140922A,20869,"4,4'-Methylenebis(N,N-dimethylaniline)",A,0,1.55454706,0,0,0,0,0,0,0,0
01140978A,20283,"4-Chloro-1,2-diaminobenzene",A,1.373454713,1.856985354,0,1.240966323,0,0,0,0,1.452751864,0
01141008A,20939,Nitrilotriacetic acid,A,0,0,0,0,0,0,0,0,1.294716563,1.382403712
01141010A,20541,"5,5-Diphenylhydantoin",A,0,0,0,0,-2.707333078,0,0,0,0,0
01141034A,20573,17beta-Estradiol,A,1.980808797,0,-1.090966244,-2.620084737,-2.070327624,-2.561938476,0,0,4.791370093,11.45414028
01141142A,36496,Norgestrel,A,2.973277896,0,1.376524658,0,-1.580939838,0,0,0,0,0
01141180A,48178,FR130739,A,1.146429363,1.371301546,1.229616958,1.262875617,0,0,1.196583482,0,0,0
01141208A,22367,Estrone,A,3.171567164,0,-1.709528634,0,-3.754886999,-4.479983983,-1.273958282,-1.496102423,4.965687724,11.01503787
01141228A,32361,"2,2-Dibromo-3-nitrilopropionamide",A,0,2.342286854,0,2.171920159,0,0,-1.083547705,0,0,0
BF00128072,34855,Fluazifop-P-butyl,A,0,0,1.095055032,0,0,0,0,0,0,0
BF00128091,24304,Sethoxydim,A,0,0,0,0,-1.047202757,0,0,0,1.742111479,0
BF00128092,32628,Methoxyfenozide,A,0,0,0,0,0,0,0,0,-1.080374607,0
BF00128102,24241,Oxyfluorfen,A,0,0,0,0,0,0,0,0,-1.91001159,2.597765793
BF00128105,20620,Fenthion,A,-0.992833089,1.735507472,2.99491022,0,0,-0.944360158,-1.15343597,-1.284213291,1.145421786,0
BF00128109,24272,Prometryn,A,0,0,0,0,0,0,0,0,1.484358306,1.226169327
BF00128119,34676,Isazofos,A,0,1.706191997,2.30234701,0,0,0,-0.817712935,-1.503080903,1.44661492,0
BF00128121,32547,Etridiazole,A,0,0,0,0,0,0,0,0,1.4254747,0
BF00128129,24211,Napropamide,A,0,0,0,0,0,0,-1.195589643,0,1.697482087,0
BF00128136,20247,Carbaryl,A,0,0,-1.258346403,0,0,0,0,-1.113407752,1.505288303,1.578573403
BF00128145,32569,Pirimicarb,A,-0.731232779,0,0,0,0,0,0,0,0,0
BF00128169,24242,Paclobutrazol,A,0,0,0,0,-1.799079152,0,0,0,0,0
BF00128172,37495,Deisopropylatrazine,A,0,0,0,0,0,0,0,0,2.139913969,1.70746926
BF00128176,24234,Norflurazon,A,0,0,0,0,0,0.936911306,0,0,1.35783072,1.204820977
BF00128182,22341,Prometon,A,0,0,0,0,0,0,0,0,1.611746341,1.382477015
BF00128187,34545,Dimethomorph,A,0,0,0,0,-2.348669036,0,-0.975499218,-1.227361391,1.934516543,1.401065361
BF00128197,32577,Tefluthrin,A,0,0,0,0,0,0,0,0,1.027755599,0
BF00128208,21975,Diphenylamine,A,0,0,0,0,0,0,0,0,1.680999047,1.696270284
BF00128241,20089,Anilazine,A,0,0,0,1.445661492,0,0,0,0,0,0
BF00128246,23990,Cyanazine,A,2.684080133,1.969326695,0.984297345,3.016172144,1.875607969,1.97663537,1.770493404,1.917378123,3.271577244,1.22145697
BF00128251,24239,Oxadiazon,A,2.800928652,0,0,0,0,0,0,0,0,0
BF00128256,23869,Ametryn,A,0,0,1.640765848,0,0,0,0,0,1.783813336,1.28150988
BF00128272,23951,Carboxin,A,0,0,0,0,0,0,0,0,1.231674311,1.393787032
BF00128274,32354,Clodinafop-propargyl,A,0.905720711,1.911797938,1.795327709,1.298751824,0,0.988581743,0,0,0,0
BF00128283,20791,Malathion,A,0,1.999927226,2.393494099,0,0,0,0,0,0,0
BF00128285,32611,Ethoprop,A,0,0,0,0,0,0,0,-1.170686249,0,0
BF00128292,21166,Piperonyl butoxide,A,0,0,0,-1.240736798,0,0,0,0,0,0
BF00128295,24160,Lactofen,A,0,0,0,0,0,0,0,0,-1.191071491,0
BF00128300,32327,Bendiocarb,A,0,1.351503009,1.732612332,0,0,0,0,0,0.824385415,0
BF00128301,20122,Azinphos-methyl,A,0,0,1.597952831,0,0,0,0,0,0,0
BF00128303,32405,Formetanate hydrochloride,A,0,1.263115904,1.119293377,0,0,0,0,0,0,0
BF00128306,32519,Acibenzolar-S-methyl,A,0,0,-2.059852208,0,0,0,0,0,1.725746127,1.483005923
BF00128313,24266,Pirimiphos-methyl,A,0,2.22497896,0,3.444376602,0,0,-0.988116163,-1.157934855,2.045256541,1.504984871
BF00128324,40363,Diniconazole,A,0,0,0.933946732,0,-1.373170442,0,0,0,0,0
BF00128332,21268,Simazine,A,0.939225971,0,0,0,0,0,0,0,2.026099281,1.542905373
BF00128344,20764,Chlorpropham,A,0,0,-1.019171137,0,0,0,0,0,1.382785502,1.134646271
BF00128349,20112,Atrazine,A,0,0,0,0,0,0,0,0,1.239476116,0
BF00128353,20182,Bisphenol A,A,0,1.235696812,0,1.578770198,0,0,-1.486085687,-1.694002891,0,0
BF00131808,35957,Cyfluthrin,A,0,0,0,0,0,0,0,0,0.934082924,1.065630008
TX0012741,34869,Prothioconazole,A,0,0,0,0,0,0,-1.144338737,0,0,0
TX002330,32630,N-Benzyladenine,A,0,1.273864295,0,0,0,0,0,0,0,0
TX002674,37494,Deethylatrazine,A,0.861237639,0,0,0,0,0.680305488,0,0,0.920798096,0
TX003240,24598,Benzyl salicylate,A,0,0,-1.481851932,0,0,0,0,0,0.853207304,1.096283633
TX003282,41491,3-Phenyl-2-propen-1-ol,A,0,0,0,-1.406428161,0,0,0,0,0,0
TX003294,40794,Sodium 2-phenylphenate tetrahydrate,A,1.11655088,1.396943255,0,1.23787537,0,0,0,0,2.091698905,2.005008403
TX003879,41252,"1,4-Diaminoanthraquinone",A,0,0,2.042726998,-2.564606746,0,-0.859103449,0,0,1.501682414,1.350637058
TX004193,22123,2-Hydroxyethyl acrylate,A,0,1.740198865,0,0,0,0,-0.919183028,0,0,0
TX004206,41629,"2,2'-Dibenzoylaminodiphenyl disulfide",A,0,1.416313846,0,1.666995129,0,0,-1.320212073,0,0,0
TX004358,41422,7-(Dimethylamino)-4-methylcoumarin,A,1.588246974,0,2.128625631,0,0,0,0,0,0,0
TX004479,44571,3-Isopropylphenol,A,0,0,1.623606054,0,0,0,0,0,0,0
TX004507,34598,Fenoxaprop-P-ethyl,A,0.863980539,2.81274528,1.076128482,1.961793538,0,0,0,0,0,0
TX004545,24046,Paraoxon,A,0,0,1.207051879,-2.202040048,-1.439300319,-1.259612997,0,0,0,0
TX004631,22366,Estriol,A,3.141241481,0,0,1.34570376,0,0,-0.999415694,0,1.231794435,6.120856638
TX004809,37754,"2,4,6-Tris(allyloxy)-1,3,5-triazine",A,1.689870523,1.664427748,1.22210452,0,1.859455338,0.904226638,0,0,1.609079076,1.794834195
TX004947,37730,"1,4-Dihydroxy-2-naphthoic acid",A,0,1.581288357,0,1.153535978,0,0,0,0,0,0
TX005228,21959,"2,4,6-Tribromophenol",A,0,1.253395805,1.226640339,0,0,-1.235524702,0,0,0,0
TX006045,44718,Acid Orange 156,A,1.018591534,1.893808002,1.418959484,0,1.117847264,0,0,0,1.5780466,2.237023358
TX006143,47246,Darbufelone mesylate,A,0,2.845005234,1.622097178,2.35472544,0,0,0,0,0,0
TX006153,47259,PharmaGSID_47259,A,0,0,0,0,0,0,0,0,0,1.35749344
TX006230,47358,Nelivaptan,A,1.018908326,0,1.365029133,0,0,0,0,0,0,0
TX006393,47349,AVE8488,A,0,2.356168949,1.736153751,0,0,0,-1.189229424,0,0,0
TX006949,21131,N-Phenyl-2-naphthylamine,A,0,0,1.588777603,0,0,0,-1.186771473,0,0,0
TX007199,20511,"3,3'-Dimethylbenzidine dihydrochloride",A,0,2.314136087,2.231761116,0,0,0,0,0,0,0
TX008321,27236,"2,3-Dinitrotoluene",A,0,1.651040282,0,1.540144736,0,0,0,0,0,0
TX008704,25401,"1,6-Hexanediol diacrylate",A,0,0,0,0,0,0,-0.883252706,0,0,0
TX009156,23889,Quizalofop-ethyl,A,0,0,0,0,0,0,0,0,0,4.970836193
TX009165,27323,4-Nitro-N-phenylaniline,A,0,0,1.067114665,-1.511587926,-1.095492922,0,0,0,0,0
TX009384,20451,"N,N'-Dicyclohexylthiourea",A,0,0,0,0,0,-0.609755624,0,0,0,0
TX009478,26906,"N,N-Dimethyldodecan-1-amine",A,0,0,0,0,0,-0.746662789,0,0,0,0
TX010035,40484,Forskolin,A,2.349142878,0,1.596958113,1.000964625,2.421259034,1.417224921,1.899915151,1.891330407,2.465578135,2.571555265
TX010199,47425,4-Butylphenol,A,0,0,0,0,1.623704827,0,0,0,2.030867743,1.628713402
TX011250,22100,4-Propylphenol,A,0,0,1.279765696,0,0,0,0,0,0,0
TX011613,41097,PK 11195,A,0,1.478090356,1.59373254,1.360786847,0,0,0,0,0,0
TX011638,43709,Cyclopamine,A,0,0,0,0,-1.017294177,0,0,0,0,0
TX011664,48175,FR140423,A,0,0,0,0,0,0,0,0,1.420888721,1.463378348
TX011905,47727,2-Ethoxy-5-(1-propenyl)phenol,A,0,0,1.377237948,0,0,0,0,0,0,1.397264181
TX012274,48510,PharmaGSID_48510,A,1.005506331,0,2.342501596,0,0,-0.610105281,0,0,0,0
TX012275,48507,PharmaGSID_48507,A,0,0,0,0,0,-1.257912022,0,0,0,0
TX012628,44605,"1,4-Bis(butylamino)anthracene-9,10-dione",A,0,1.15901263,1.362441012,1.16712748,0,0,0,0,0,0
TX012659,22012,3-Methoxyphenol,A,0,0,0,1.046293811,0,0,0,0,0,1.537498965
TX013541,38827,2-Chloro-5-nitroaniline,A,0,0,2.029666038,0,0,0,0,0,0,0
TX014392,24364,Cresol,A,0,0,1.416812493,0,0,0,0,0,0,0
TX014752,24687,4-tert-Butylcatechol,A,0,2.211929396,0,1.258680118,-1.021330736,0,-1.038784032,0,0,0
TX014833,51996,3-Methyl-4-(methylthio)phenol,A,0,0,0,0,0,0,-1.996423731,-1.850699921,0.956898726,1.915104762
TX014864,21963,4-(Diethylamino)benzaldehyde,A,0,1.146720278,0,2.143566429,0,0,0,0,0,0
TX014876,44164,4-Pentylphenol,A,0,0,0,0,0,0,-1.394742548,-1.929219092,1.032288603,1.744461561
TX014906,51732,Indan-5-ol,A,0,0,0,0,0,0,0,0,0,1.413550427
TX014971,31458,Indole-3-carbinol,A,0,0,2.156591976,-1.741940095,0,-0.663710028,0,0,0,0
01140138A,20921,2-Naphthylamine,B,0,4.424864182,4.106836846,1.376772415,0,-1.21676798,-2.06952501,0,0,0
01140142A,20137,Benzidine,B,0,2.243207028,-1.645048655,2.573435202,-2.562410031,-1.015772996,-5.394519099,-5.528796376,0,1.275282906
01140150A,25091,"3,3'-Dimethoxybenzidine",B,0,3.634013551,0,2.001628282,-4.703784298,-0.880491581,-3.701042681,-3.134315458,0,0
01140202A,20867,"4,4'-Methylenebis(2-methylaniline)",B,0,4.221883664,2.983179771,-1.192021804,-6.294549159,-3.487351747,-3.848883897,-3.819353762,0,0
01140508A,47374,SSR161421,B,-0.950744968,5.362522916,1.289620939,4.003665658,0,0,-2.677367185,-1.512711525,0,0
01140548A,47306,CP-634384,B,0,5.175286708,1.803000409,3.763703038,0,0,-1.416208982,0,0,0
01140906A,21094,"4,4'-Oxydianiline",B,0,6.212765438,0,3.993512203,-4.863251869,-1.372810751,-3.666312626,-3.01911899,-1.998928774,-3.112021218
01140950A,20458,Chlorpyrifos,B,0,2.148655961,0,0,-2.011001604,-1.501477368,-3.186179911,-3.004590886,0,0
01141066A,24059,"3,3'-Dimethylbenzidine",B,0,4.358721859,2.174862896,2.297637611,0,0,-1.896480798,-1.215453136,0.998026285,1.606567347
01141084A,47299,CP-422935,B,0,1.705365239,-2.029057356,3.337279078,0,0,-3.75349481,-4.092626422,0,0
01141146A,47540,3-Hydroxyfluorene,B,0,5.518330756,2.269836692,1.188036134,-2.768118195,-3.177976538,-6.972043407,-2.442668334,0,1.723318938
BF00128175,20407,Diazinon,B,0,6.143043248,3.043395865,0,-2.065709691,-3.040528301,-3.489256426,-3.055844053,1.982957677,2.223815045
BF00128195,24151,Imazalil,B,0,4.977598775,3.689544856,0,-4.456294967,-1.428662202,-2.619032259,-2.141247429,-5.637751023,0
BF00128235,24270,Prochloraz,B,0,5.595666015,0,4.206534951,-5.016663367,-1.844545402,-5.511985999,-4.816387733,-6.047438635,-3.01358282
BF00128259,24259,Phosalone,B,-1.174106097,4.072893457,0,3.13627661,0,-0.583855291,-3.365674809,-3.059650047,-2.54369455,-2.372625348
BF00128266,32470,Propetamphos,B,0,2.375443077,0,1.719352764,0,-0.942486669,-2.737213163,-2.547704101,0,0
BF00128282,20819,Methidathion,B,0,4.465842664,0.964206499,3.242263815,0,0,-1.619644009,-1.478835252,-2.779787986,-1.824371524
TX0012724,21138,"1,4-Benzenediamine",B,0,0,0,1.731021883,-3.325650738,0.770471435,-5.171059402,0,0,1.237042305
TX002231,21815,"3,4-Dichloroaniline",B,0,3.091761777,2.579125664,2.021703924,0,0,-1.774307369,-1.226330284,0,0
TX002436,21152,4-Phenylphenol,B,0,1.808103543,2.480185065,0,1.476839219,-1.443072589,-6.018368534,0,1.437847238,1.485832252
TX003751,37498,Azinphos-ethyl,B,0,4.029657025,2.657222961,0.974537462,0,0,-1.515570495,0,0,0
TX004541,34324,Phoxim,B,0,4.640080163,0,2.582122645,-1.48072464,-1.057064656,-3.739525921,-2.802343773,0,0
TX004973,41653,"Methyl 2,4-dihydroxy-3,6-dimethylbenzoate",B,0,5.725270551,3.953768307,0,0,-1.619805015,-2.581802255,-2.452412703,0,0
TX006198,47309,UK-156819,B,0,1.561537264,0,2.593687842,0,0,-1.80653463,-2.638986855,-1.042847905,-1.470964051
TX007494,23296,Methylene blue,B,0,2.711840552,0,2.749755377,0,0,-2.523610917,-1.794066634,0,0
TX007832,22437,Nordihydroguaiaretic acid,B,0,3.55043163,2.425575044,2.055376046,-4.658159529,-3.219864953,-2.704956528,-2.706721177,0,0
TX008070,32417,Isofenphos,B,0,4.972509342,3.174912008,1.032842124,0,-0.739839462,-2.551055315,0,0,0
TX009065,22396,Chrysin,B,0.894857271,2.650869778,1.673910609,2.691432022,0,0,0,-1.247880293,-1.846939295,-1.659994355
TX009193,22421,Melatonin,B,0,5.194113986,4.00641377,0,0,-1.333809978,-2.843080545,-2.569829491,0,0
TX009720,20233,Ergocalciferol,B,0,4.215683485,-1.782213472,1.819499699,-3.065811015,-1.819771747,-4.213071313,-3.62283236,0,0
TX012211,22364,5alpha-Dihydrotestosterone,B,0,6.850877217,0,5.105165906,-3.964536898,-4.253360526,-5.541973771,1.546124039,-3.656031882,-1.135849167
TX013527,52619,4'-Acetylbiphenyl,B,0,1.294885883,-1.947326596,2.391339864,0,-1.146821053,-3.947394648,-1.536261839,0,0
TX014847,32626,Methiocarb,B,0,2.10112599,0.937675401,0,0,-0.933304699,-2.959899318,-2.105865002,0,1.576653739
TX014885,36525,Androsterone,B,0,5.205567722,3.453586508,3.495521691,0,0,-2.129694571,0,-2.572547878,-1.731935336
TX014913,21450,C.I. Disperse Yellow 3,B,0,4.210472298,3.115951916,0,0,-0.986475967,-2.820819277,-1.697799597,0,0
01140060A,22529,Methylparaben,C,0,2.415388848,4.127043546,0,0,0,0,0,0,1.149021485
01140064A,20350,2-Methoxy-5-methylaniline,C,0,2.06292091,3.374383746,0,-2.182024705,0,0,0,0,0
01140072A,20582,Ethoxyquin,C,0,3.607198489,3.369364413,-1.999477052,-2.972840366,-2.293768716,-1.692382872,-1.307869645,0,0
01140126A,22528,Ethylparaben,C,1.112372093,2.32235312,4.212659329,-1.165495031,0,-1.159700544,0,0,0,1.147395008
01140186A,20916,"1,5-Naphthalenediamine",C,0,3.375322102,3.763185743,-2.641568552,-1.574462307,-1.424486628,0,0,0,0
01140270A,22527,Propylparaben,C,1.982224658,2.008080558,4.939224832,-3.336027981,-1.831866186,-2.62422664,-1.483368128,-1.586313655,0,0
01140292A,22422,"4,4'-Methylenedianiline",C,0,4.499805374,3.139521699,-1.513108589,-4.465019655,-2.12103621,-2.252323545,-1.613794196,-1.472239076,0
01140296A,20943,2-Methoxy-5-nitroaniline,C,0,1.876392329,3.437420549,-2.129650964,-2.700463385,-1.219650739,0,0,-1.239187595,-1.296204418
01140300A,22174,EPN,C,0,2.23140964,3.679002966,-3.908479994,-1.833473961,-2.529268048,0,0,0,0
01140392A,20371,Dapsone,C,0,1.205010199,2.772188447,-1.667935822,0,0,-0.824671037,0,0,0
01140476A,27494,"2,3-Diaminotoluene",C,1.64545351,3.053184619,3.895211555,0,0,0,0,1.24008903,1.113804637,1.511222636
01140528A,47366,SAR115740,C,0,1.676268183,2.017731088,-2.524554495,-3.774747593,-4.116316694,-2.710827139,-2.485053747,0,0
01140538A,47301,CP-456773,C,0,2.342278609,4.084024944,-2.817684612,0,-0.710585106,0,0,1.498093286,1.466870906
01140564A,47263,PharmaGSID_47263,C,0.796341514,1.711517706,3.418624819,-2.223244691,0,0,0,0,1.800057259,1.955578135
01140692A,23322,Mifepristone,C,0,5.703795386,5.376776613,-2.45944476,-6.610849235,-6.236979718,-0.818513965,0,0,0
01140706A,24460,4-Aminoazobenzene,C,0,3.8006466,2.756423124,-2.113273524,-1.725191414,-2.015305791,-2.656899383,-2.183145493,0,1.482753898
01140708A,22439,Phenolphthalin,C,0,2.315532807,4.285074136,-2.493603014,0,-1.113597438,0,0,0,0
01140724A,20069,2-Amino-5-azotoluene,C,0,3.27568083,3.174604851,0,0,0,0,0,0,1.191064379
01140782A,36515,Testosterone propionate,C,3.733977116,3.374704466,3.412051439,2.340129834,-5.537090908,-3.724499309,3.699582095,15.08518937,-1.734612229,3.769193018
01140856A,24489,5-Amino-2-methylphenol,C,0,3.803910002,3.472347868,0,0,0,0,0,1.156863955,1.687456379
01140872A,20295,4-Chloroaniline,C,0,1.596070838,3.317009855,-2.182511622,0,0,0,1.4053343,0,0
01140924A,20959,2-Methyl-5-nitroaniline,C,0,2.596770882,3.645934975,-1.314292461,0,0,0,0,0,0
01140948A,24086,Ethion,C,0,2.747231007,2.650196,-0.979040709,0,-1.317961063,-1.959765405,-1.63093864,0,0
01140986A,24523,"4-Androstene-3,17-dione",C,3.684534706,1.389133701,3.400069317,-4.94846819,-4.515790972,-5.707300782,9.758133007,10.81891888,0,0
01141068A,21125,Phenolphthalein,C,0,2.413685716,4.339867084,-2.537672617,-1.587429695,-1.374285526,0,0,0,0
01141088A,47291,CI-1044,C,2.130232377,2.451682466,4.707314385,-4.095232271,-2.106807165,-2.208472625,1.06712465,1.359165322,1.85461362,1.698044999
01141144A,46970,5HPP-33,C,0,2.900290546,1.950616793,-2.70372688,-4.719732521,-6.085764095,-2.138348375,-1.199545582,-1.787150465,-1.586313714
01141194A,40747,17alpha-Hydroxyprogesterone,C,2.828019493,4.213175889,9.816833887,3.035602333,2.424850053,7.292713038,1.51799651,0,0,0
01141240A,20485,"3,3'-Dimethoxybenzidine dihydrochloride",C,0,0,2.544403055,-1.310918957,-2.075622442,0,-0.879023268,-1.06519546,0,0
BF00128097,20855,Methyl parathion,C,0,3.144871025,3.379061204,-2.641960633,-4.815918727,-2.297538487,0,0,0,0
BF00128108,32613,Fenitrothion,C,0,2.805802483,4.888989221,-2.746513476,0,-0.818134801,0,0,0,0
BF00128225,32372,Difenoconazole,C,0,0,1.939176879,-2.914461148,-1.732243329,0,0,0,0,0
BF00128268,32548,Fenbuconazole,C,0,1.498414935,2.290830261,0,-2.936152048,0,0,0,0,0
BF00128299,20347,Coumaphos,C,0,3.791587999,4.043968598,-1.541217998,0,-1.586554202,0,0,1.847803036,2.067948789
TX001593,21100,Parathion,C,0,1.255164129,3.16218623,-3.301509661,-3.17525178,-4.073838404,0,0,2.07532997,1.097714603
TX002934,32675,Sulprofos,C,0,1.7463825,2.679390354,-2.084358712,0,-1.053656132,-1.989816933,-1.733193899,0,0
TX003350,22409,"4,4'-Sulfonyldiphenol",C,0,1.79096687,3.970974524,-2.932059554,-2.963045229,-3.628505632,-1.678406549,-1.851525502,-1.3321583,-2.081755498
TX005767,20379,Dehydroepiandrosterone,C,5.126575859,0,3.136356464,0,-5.084447036,-4.319113401,5.365696758,7.526157694,0,0
TX007602,38700,2-Methoxy-4-nitroaniline,C,0,1.511263954,3.845778992,-2.460148175,0,0,0.96522765,1.497737983,0,0
TX009041,22526,Benzylparaben,C,1.640038206,2.317696175,2.928566114,-2.918510878,-3.982393181,-4.892342178,-4.368193507,-2.053985402,-2.322181079,-1.739865901
TX009766,22391,Apigenin,C,0,0,3.940649699,-1.813383661,0,-1.10352605,0,0,0,0
TX009792,33664,17-Methyltestosterone,C,3.661128021,0,1.303187319,0,-4.940633829,-1.90647709,0,0,-2.112770612,-2.121064697
TX010235,27721,4-(2-Phenylpropan-2-yl)-N-[4-(2-phenylpropan-2-yl)phenyl]aniline,C,0,5.15854803,3.331970512,-1.928355562,-2.470672427,-1.914292264,-2.540145528,-1.555208925,0,0
TX011630,47598,"4,4'-Sulfonylbis[2-(prop-2-en-1-yl)phenol]",C,0,3.10265821,4.720405473,-3.770676081,-4.145629771,-5.578106021,0,0,0,0
TX014830,24485,2-Amino-6-methoxybenzothiazole,C,0,3.385149799,4.410026235,-1.260222909,0,0,0,0,0,1.400587052
TX014837,41901,Disulfoton sulfone,C,0,3.284358713,3.462132055,0,0,0,0,0,0,0
TX014853,52186,4-Iodophenol,C,0,1.020012161,3.185450391,-1.595178828,0,-0.653546259,0,0,0,1.338423544
TX014866,51914,"1,3-Bis(4-aminophenoxy)benzene",C,0,2.072772349,3.137547952,0,-2.995968032,-0.623182355,0,0,0,0
TX014914,52042,4-Fluoro-3-nitroaniline,C,0,1.57822875,2.810170915,-1.18882556,0,0,0,0,0,0
TX015384,22462,3-Phenylphenol,C,0,1.537168445,4.483785016,-2.634353587,0,-0.814222769,0,0,0,1.894508821
01140418A,29871,Clotrimazole,D,0,0,-4.224730273,-2.241167735,-7.013315407,-4.065292925,-4.661747675,-4.69649312,-2.365852261,-2.453272943
01140526A,47363,Volinanserin,D,0,0,-5.453184619,-1.511474657,-1.864708161,-2.940498106,-2.893530697,-3.213071392,0,0
01140534A,47362,SSR150106,D,0,0,-2.234035724,-1.907232852,-4.004197719,-1.278106134,-1.434345012,-1.791464299,-1.811979276,-1.940860774
01140544A,47254,CP-457920,D,1.089038917,0,-3.52030906,0,-2.920252111,-4.048189036,0,-2.506304543,0,0
01140780A,22310,Daidzein,D,2.054254412,0,-3.737576579,0,-4.53456541,-5.481080937,-5.009184035,-4.710281283,0,0
01140824A,32113,Tebuconazole,D,0,0,-2.360030115,-1.518413479,-2.288770013,-1.068793615,-3.439730878,-3.429577194,-1.426393809,-1.556271977
01140866A,20561,Endrin,D,0,0,-6.148745397,-3.283649045,-3.087716271,-3.814496533,-2.460846194,-2.356168949,0,0
01140982A,22308,Genistein,D,1.694826268,0,-4.401482571,0,-4.849512637,-5.903176157,-6.457736131,-4.910830249,2.308117002,1.04111244
01141184A,34192,17beta-Trenbolone,D,3.12322095,0,-1.511101918,-2.431082236,-4.234462068,-4.042343298,-1.335663832,-2.062581897,-1.673371408,0
01141206A,23380,Norethindrone,D,3.00998434,0,0,-1.146015815,-5.30990077,-3.765701813,-2.142019073,-1.57460286,-3.227023428,-2.589049532
21141124A,32493,Triadimenol,D,0,0,-5.063175634,-1.309039366,-6.065938359,-1.942977208,-3.204150005,-2.25382834,-5.566019656,-4.711199302
BF00128073,32500,Triflumizole,D,-0.926886426,2.671531027,-1.938452914,3.535600967,-4.860177176,-0.841708588,-3.95312716,-3.525212065,-6.19074466,0
BF00128112,23897,Triadimefon,D,-1.24619412,-1.30009921,-2.923184113,0,-5.044061506,-2.443115829,-4.817390056,-2.031303331,-6.464642762,-2.985408041
BF00128220,24315,Myclobutanil,D,-1.14192381,0,-1.196623651,-2.329898348,-5.616491141,-4.058997918,-4.740451671,-2.287206072,-5.1095794,0
BF00128302,32337,Butralin,D,0,0,-3.485239042,-1.866251773,-5.007550313,-2.01348902,-2.457892008,-3.165688604,0,0
TX001132,34929,Spiromesifen,D,0,0,-3.062091636,0,-3.69519349,-2.044503221,-1.387300969,-2.136465449,-7.716543062,0
TX0012739,32558,Kresoxim-methyl,D,0,0,-3.109026434,-0.953714646,-2.982698109,-1.680443266,-2.898612589,-2.866561311,0,0
TX003572,40372,Epoxiconazole,D,0,0,-3.427946826,1.051341697,-5.346213484,-3.196386778,-5.928957139,-3.359107068,-5.748550951,-4.236193202
TX004513,34601,"(2R,6S)-Fenpropimorph",D,0,0,-1.919823766,-2.53126015,-5.052805613,-2.767827585,-1.948097143,-1.973931204,0,0
TX004525,37541,Endosulfan sulfate,D,0,0,-5.138514671,-2.507705583,-2.4549173,-2.876453158,-2.592423815,-2.363551621,0,0
TX004539,32533,Chlorfenapyr,D,0,0,-4.879873811,0,-4.126691579,-3.834883747,-3.788612171,-4.072645312,-3.119391448,-2.349803591
TX004547,37539,Endosulfan I,D,0,0,-4.68104017,-1.499497206,-2.679452288,-3.071249365,-2.895107004,-2.648076531,0,0
TX006299,29879,Ketoconazole,D,0,0,-3.6833452,1.92716206,-5.431669467,-2.550814673,-7.983433342,-4.310589602,-1.162687975,0
TX006301,20784,Lovastatin,D,0,0,-5.882488295,-2.519915758,0,-3.012027194,-2.499926224,-2.666870906,0,0
TX006656,22880,Danazol,D,2.339092306,0,-5.282992291,1.139679891,-5.640167279,-4.207055325,-6.646990573,-2.283988777,-3.130571091,-2.043265029
TX006887,21478,Lynestrenol,D,0,0,-3.802841009,1.819552171,-3.76394049,-1.465766314,-4.958669151,-2.491217508,0,0
TX007354,32389,Farnesol,D,0,0,-2.463484284,0,-4.938347694,-3.382191341,-4.267745126,-5.074582429,0,-2.543687092
TX009051,43915,Hydroxyprogesterone caproate,D,-0.764041972,0,-1.632018335,-2.004047344,-5.478902276,-3.216829988,-2.26820398,-3.484423948,-2.008400071,-3.81993493
TX010001,47433,Equilin,D,4.099916489,0,-3.515605621,-1.736624518,-3.884947553,-5.116562764,-7.677416538,-4.781871729,-1.257480059,7.720690425
TX010183,29572,Benoxacor,D,0,0,-2.724155919,2.175805673,-1.878605993,-1.57707698,-4.329586156,-3.53224167,0,0
TX010299,22394,Biochanin A,D,1.322098447,0,-5.419548985,-1.528350061,-3.98198021,-5.902841604,-4.326462907,0,0,0
TX012606,22325,"2,2-Bis(4-hydroxyphenyl)-1,1,1-trichloroethane",D,0,-2.248508717,-3.534133827,0,-6.39984884,-7.196285003,-7.016402693,-5.501955001,-3.825334399,-2.562932135
TX012641,34624,Fluopicolide,D,0,0,-3.82803909,-2.407956746,-1.690382591,-2.552307384,-2.720356077,-3.341466063,0,0
TX013549,44338,Pyrasulfotole metabolite (SXX 0665),D,0,2.021701131,0,0,-5.177746651,-1.861298503,-4.48254204,0,-4.274986367,-3.247522556
TX014920,51650,"4,4'-(Isopropylidenebis(4,1-phenyleneoxy))dianiline",D,0,0,-4.323547125,-3.931560014,-2.728707899,-5.00976047,-5.146456503,-4.494537619,0,0
TX015383,41503,Tralopyril,D,0,0,-4.297230349,-1.529951199,-4.227673277,-2.22186664,-1.495212198,-1.645956854,0,0
01140044A,41376,Tridemorph,E,0,-1.390088925,-1.525127143,-1.133113525,0,-0.843597152,0,0,0,0
01140058A,25895,"N-Phenyl-1,4-benzenediamine",E,2.608805914,0,-1.461069033,1.337709035,-1.916880444,0,-2.4070351,-1.844944733,0,0
01140170A,20337,Clomiphene citrate (1:1),E,0,0,-2.765533553,-1.915004674,0,-1.454139332,-1.051790377,-1.124468886,0,0
01140342A,20576,17alpha-Ethinylestradiol,E,1.234090098,0,-0.920750936,-1.073239855,-1.220989082,-1.025161074,0,0,0,0
01140376A,26214,Triclocarban,E,0,0,-1.332819616,-1.614237448,0,-0.727938945,0,0,0,0
01140388A,20807,2-Mercaptobenzothiazole,E,0,0,-1.507530932,0,0,0,-1.220955545,-1.106933295,0,0
01140394A,27270,1-Pentadecanol,E,0,-1.602723638,0,-1.451462491,0,0,0,0,0,0
01140436A,42209,N-Methyldioctylamine,E,0,0,-1.580523752,0,0,-0.62204025,0,0,0,0
01140444A,23581,Simvastatin,E,0,0,-2.552712041,-1.640950422,0,-0.772383933,0,0,0,0
01140482A,21952,Triphenyl phosphate,E,0,0,-1.811585058,0,0,-0.847746132,0,0,0,0
01140510A,47355,Trelanserin,E,0,0,-1.722300513,-3.04326348,-2.996030667,-2.328082897,0,0,0,0
01140512A,47334,MK-968,E,0,0,-1.853830485,-0.926214598,-1.509853959,-1.382351,0,0,0,0
01140530A,47359,SSR180711,E,0,0,-3.093965905,-1.024646032,0,-1.525203043,-2.1562495,-1.595042647,0,0
01140532A,47333,PharmaGSID_47333,E,0,0,-1.486189598,-1.851385,-1.734471549,-1.505487877,0,0,0,0
01140592A,47270,Besonprodil,E,0,0,-2.246067973,0,-3.5596256,-1.537004514,-1.765472195,-2.442713047,0,0
01140640A,22413,Isoeugenol,E,0,0,0,0,0,-0.582252351,-2.170161145,-1.904816061,0,0
01140690A,40722,4-Cyclohexylcyclohexanol,E,0,0,0,0,0,0,-1.140376084,-1.586313714,0,0
01140714A,41623,Benodanil,E,0,0,-2.166941741,-1.469058188,0,-2.06991222,0,0,0,0
01140750A,40721,4-Cyclohexylcyclohexanone,E,0,0,-1.264019308,0,0,-0.722863192,-1.116381561,0,0,0
01140756A,34186,Spironolactone,E,2.311689617,0,0,0,-2.573559512,-1.224455883,-2.457874004,-1.442175292,0,0
01140762A,22254,Terbufos,E,0,0,0,0,0,0,-2.421828188,-2.206462912,0,0
01140786A,20366,Cyproterone acetate,E,1.746964938,0,-1.635409894,-2.670855336,-2.17257266,-2.664047548,0,0,0,0
01140798A,42190,"N,N-Dimethyldecylamine oxide",E,0,0,-1.596369313,0,0,-1.186025968,-1.278178347,0,0,0
01140822A,24104,Fluoranthene,E,0,0,-3.481712131,-1.603535702,0,-1.667479084,-2.078096669,-2.778179475,0,0
01140830A,20710,"1,2-Diphenylhydrazine",E,0,0,-1.320389991,0,0,0,0,0,0,0
01140942A,21097,Oxytetracycline hydrochloride,E,0,-1.361579432,-1.438535837,0,0,-0.888196898,0,0,0,0
01140944A,23902,Benz(a)anthracene,E,0,0,-1.276495865,0,0,0,-1.325941504,-1.650063573,1.351497792,1.475788165
01140956A,20290,Pirinixic acid,E,0,0,-1.474215991,0,0,-0.942706685,0,0,0,0
01140972A,24254,Phenanthrene,E,0,0,-1.771447671,0,0,-0.891255391,-1.460081741,-2.289509298,0,0
01140990A,44203,Pioglitazone hydrochloride,E,0,0,0,-1.044954877,0,-0.838307018,0,0,0,0
01140996A,34150,Haloperidol,E,0,0,-2.863949123,0,0,-1.730759573,-2.493854846,-2.662811738,0,0
01141038A,38298,1-Hydroxypyrene,E,0,0,0,0,-2.198494632,-1.800734525,-1.434278337,-1.902117311,0,0
01141050A,21301,Tamoxifen citrate,E,0,0,-1.634928576,-1.631790508,0,-1.089131266,0,0,0,0
01141072A,24538,Anthralin,E,0,0,-1.539814032,0,0,-1.028884202,-1.736807757,-2.682259738,-2.454616509,-3.021065951
01141074A,23907,Benzo(b)fluoranthene,E,0,0,-1.149337229,-1.092605321,0,-0.861877863,0,0,0,0
01141098A,22474,Corticosterone,E,2.823883816,0,-1.368834976,0,0,-2.626078728,0,0,0,0
01141100A,24289,Pyrene,E,0,0,-2.894417468,-0.981760834,0,-1.077097411,-1.182247265,-1.505069591,0,0
01141102A,33923,Procymidone,E,0,0,-1.931841411,0,0,-0.91596574,-3.265401902,-2.786313687,0,0
01141128A,20687,"1,2,3,4,5,6-Hexachlorocyclohexane",E,0,0,-2.2828136,-1.17024472,-1.295474225,-1.587910706,0,0,0,0
01141140A,37094,4-Hydroxytamoxifen,E,0,0,-0.915000841,-0.996642171,0,-0.75314885,0,0,0,0
01141154A,42121,Mepanipyrim,E,0,0,-2.315880688,0,0,-0.594466363,-1.020042894,-1.476340105,1.136455517,0
01141168A,48171,FR145237,E,0,0,-1.3270939,-0.989618856,0,-0.716878937,0,0,0,0
01141172A,48174,FR167356,E,0,0,-2.893944848,-2.390426331,0,-1.635011769,-1.687948584,-1.899305828,0,0
01141178A,48172,PharmaGSID_48172,E,0,0,0,-1.970148819,-1.643658841,-1.45918037,-2.259887193,-2.036445224,0,0
01141190A,47526,C10-21 sulfonic acids phenyl esters,E,0,0,-1.290322814,-1.705010075,0,-0.727739134,0,0,0,0
01141196A,44175,Clove leaf oil,E,0,0,-1.391090928,0,0,0,-1.117780596,-1.791107009,1.4480852,1.638844056
01141210A,41691,Butam,E,0,0,0,0,-1.762873949,-1.190967361,0,-1.512967566,0,0
11140704A,21126,Phenothiazine,E,0,0,-3.05006598,-2.225888222,0,-1.467426724,-1.722546395,-2.021782485,1.503742724,1.213383093
21141126A,20154,Clorophene,E,0,0,0,0,-1.815049113,-2.121162147,-2.738277707,-2.34563376,0,0
BF00128083,32532,Carfentrazone-ethyl,E,0,0,-1.487068133,1.032183603,-1.293444353,0,-1.38739193,0,0,0
BF00128096,32601,Cyproconazole,E,0,-1.149836045,-1.514829826,0,-3.828499371,-0.6297766,-1.537628106,0,-2.800436707,-2.993180564
BF00128099,32355,Clomazone,E,0,0,-1.154866905,0,0,0,-1.036015029,-1.586313714,0,0
BF00128132,24154,Iprodione,E,-0.875705307,-1.311615141,-2.586984255,-1.51024549,-1.02128974,-1.264999728,-0.99709649,-1.328465759,0,0
BF00128139,20446,Diuron,E,0,0,-2.398716969,0,0,-0.781022241,-1.298607767,-1.827662278,0,0
BF00128141,22361,Vinclozolin,E,0,-1.225802848,-2.312343376,-1.838317637,0,-1.753678674,-1.240232911,-1.477202508,0,0
BF00128147,34212,Spiroxamine,E,0,0,-2.804647671,-1.554732819,0,-1.616506827,-1.333874971,-2.212884713,0,0
BF00128179,32667,Esfenvalerate,E,0,-1.234135319,-0.994145544,-1.602070219,0,0,0,0,0,0
BF00128190,34961,Thiacloprid,E,1.336063574,0,0,0,0,0,0,0,-3.066850435,-2.763383126
BF00128192,24235,Flusilazole,E,0,0,-1.153802032,0,0,0,0,0,-2.781522036,-2.076224474
BF00128196,24159,Isoxaben,E,-0.889685652,0,0,-2.553159936,-2.655697886,-1.684375021,0,0,-2.720546733,-1.507006685
BF00128200,23881,Clofentezine,E,0,0,0,0,0,0,-1.634541883,-1.772258061,0,0
BF00128201,21337,Thiabendazole,E,0,0,-1.12383962,0,0,-0.648630233,0,0,0,0
BF00128215,32549,Fenhexamid,E,2.188599806,0,-1.817487805,-3.591966416,-2.87128047,-3.137870704,-1.228987313,-1.967292226,0,0
BF00128224,24337,Thiobencarb,E,0,0,0,-1.806498762,0,-1.298554453,-1.0089827,-1.561403442,0,0
BF00128228,20420,Propyzamide,E,-0.783345944,-1.329116559,-1.949389038,-1.071953034,0,-1.379753292,-1.041581399,0,-1.854140725,-1.76581569
BF00128238,32553,Flumetralin,E,0,1.507006685,-1.146977214,1.633743501,0,0,-1.442115102,-1.641773315,-1.325482034,0
BF00128257,22292,Permethrin,E,0,-1.192920928,-1.407590085,0,-1.097025853,-0.725099926,0,0,0,0
BF00128263,20628,Fluometuron,E,0,0,-1.853375717,0.932930861,0,0,-1.772038143,-1.985490421,0,0
BF00128273,24163,Linuron,E,0,0,-1.318849818,0,0,0,-1.336417733,0,0,0
BF00128278,20160,Bifenthrin,E,0,0,-1.017647207,0,0,0,0,0,0,0
BF00128279,21151,2-Phenylphenol,E,0,0,-1.134243198,-1.386577518,0,-0.887446422,0,0,0,0
BF00128281,24109,Flutolanil,E,-0.824361976,-1.515262458,-1.628166696,-2.112618568,-1.376002446,-2.038777486,-0.834036977,-1.581395423,0,0
BF00128286,24102,Fenamiphos,E,0,0,0,-2.400816052,-1.035731728,-1.367258492,-1.318677971,-1.691269123,0,0
BF00128291,34392,Boscalid,E,0,-1.196820406,0,-1.069682977,0,-0.759502342,0,0,0,0
BF00128330,22111,Propanil,E,0,0,-2.08381295,2.399999999,0,0,-2.333359056,-2.102718722,0,0
BF00128356,32655,Triticonazole,E,0,-1.073001663,0,-1.40906238,-2.646090871,0,0,0,0,0
BF00131807,34456,Cinmethylin,E,0,0,0,-2.132125463,-2.020878645,-1.552578128,-1.130046832,-1.348235485,0,0
TX000789,34928,Spirodiclofen,E,0,-1.403390328,-1.746511931,-1.372251115,0,-0.772835948,0,0,0,0
TX001106,41978,Flufenoxuron,E,0,0,-1.277581672,-1.481836477,0,0,0,0,0,0
TX001140,42171,4-Dodecylmorpholine,E,0,0,-2.665750909,-1.760410967,0,-1.246893734,-1.006436187,-1.566103562,0,0
TX0012733,27461,Thiocarbazide,E,0,0,-1.72323869,0,0,-1.15894867,-1.031703268,0,0,0
TX001689,25018,Dicyclohexylamine,E,0,0,0,-1.199999987,-1.126734775,-0.643646495,0,0,0,0
TX001757,25485,N-Isopropyl-N'-phenyl-p-phenylenediamine,E,0,0,-1.179963324,0,0,0,-1.789110777,0,0,0
TX002640,22405,2-Hydroxy-4-methoxybenzophenone,E,0,0,-0.984811709,0,0,0,-1.137309897,0,0,0
TX003216,29320,2-Ethylhexyl 4-(dimethylamino)benzoate,E,0,0,-1.188457903,-1.380214031,0,-0.614624999,-0.906096579,0,0,0
TX003871,20621,Fenvalerate,E,0,0,-2.584262438,0,-1.252954575,-1.372053213,0,0,0,0
TX003893,35708,Methylbenzethonium chloride,E,0,0,-1.666115869,-1.396285805,0,-0.695330622,0,0,0,0
TX004059,34583,Ethyl 1-naphthaleneacetate,E,0,0,-2.45562038,-1.333237575,0,-1.218058603,-1.425375035,-1.683366099,0,0
TX004485,41794,Cloquintocet-mexyl,E,0,0,-1.013633117,0,-2.537032417,-0.977141065,0,0,0,0
TX004511,32688,Phenothrin,E,0,0,-2.551485715,0,-0.98654642,-0.980797165,-0.81695285,0,0,0
TX004516,34250,Chlorfenvinphos,E,0,0,-1.143426968,-1.42852713,-1.787981491,-1.210876686,0,0,0,0
TX004903,28022,1-(Bromomethyl)-3-phenoxybenzene,E,0,0,-1.887883215,1.107935043,0,0,-1.422401996,-1.327911193,1.350003069,1.619695247
TX005400,21559,"2,6-Di-tert-butyl-4-nitrophenol",E,0,0,-1.60252845,0,-1.267336602,-0.652737541,-1.600197546,-1.185733857,0,0
TX005465,29223,"1,1-Bis(3,4-dimethylphenyl)ethane",E,0,0,-2.145536186,0,0,-0.799976934,-1.349726925,0,0,0
TX005479,42356,2-(3-Phenylpropyl)pyridine,E,0,0,-1.462395503,0,0,0,0,0,0,1.12124753
TX005790,20814,Mestranol,E,0,0,-1.837340158,0,0,0,0,0,0,0
TX006174,47283,CP-728663,E,0,0,0,0,0,0,-1.086230356,0,-2.680069704,-2.603910001
TX006202,47325,SB413217A,E,0,0,-3.010357159,-1.308645055,-1.398269347,-1.573624014,-1.844006177,-2.043221665,0,0
TX006203,47311,GSK163929B,E,0,0,-1.563436439,0,-1.886008116,-1.254972216,-1.432252658,0,-2.314659376,1.875521353
TX006204,47322,SB243213A,E,-0.924088687,0,-1.776909733,-1.482732965,-2.00683772,-0.914172527,0,0,0,0
TX006251,47389,SAR150640,E,0,0,-2.477028498,-1.824449827,0,-1.048087382,-1.298105368,-1.498396326,0,0
TX006305,47525,Pravastatin sodium,E,0,0,-2.891757873,-2.138513482,0,-1.58664857,-1.402433182,-1.286072339,0,0
TX006695,41200,"N,N'-Disalicylidene-1,2-diaminopropane",E,0,0,-1.745916852,1.483448526,-1.911547449,-1.280074673,-2.490369463,-3.058994135,-1.156716894,-2.168825906
TX007207,21824,Dichlorophen,E,0,0,-0.96205398,0,0,-0.823659962,0,0,0,0
TX007436,34317,Benzalkonium chloride,E,0,0,-2.141561815,-1.569942584,0,-1.092132401,-1.214251143,0,0,0
TX007784,41663,Benzyl cinnamate,E,0,0,-2.841387433,0,0,0,-2.248724488,-2.951317942,0,0
TX007792,44430,"1,2-Diphenylethanone",E,0,0,-1.393908298,0,0,0,-0.866505237,0,0,0
TX007874,41389,2'-Acetonaphthone,E,0,0,-1.689644532,0,0,0,-1.088018253,-1.542482663,0,0
TX008082,40268,Dinobuton,E,0,0,-1.758678645,0,-1.152349349,-0.789018227,-1.184504709,0,0,0
TX008326,20443,"2,4-D 1-butyl ester",E,0,0,-1.114951195,0,0,0,0,0,0,0
TX008416,32654,Triforine,E,0,0,0,0,-1.585590709,-0.873224058,-1.323210836,-1.393069426,0,0
TX008428,34497,Metconazole,E,0,0,-1.355427176,-1.199037271,0,0,0,0,0,0
TX008567,27756,3-Phenoxybenzenemethanol,E,0,0,-2.59672238,0.942955915,0,0,-1.703981678,-1.65268256,1.18592613,1.523512423
TX008849,26706,"1,2-Diphenoxyethane",E,-0.875169009,0,-2.429052664,0,0,0,-1.260861245,-1.312767201,0,0
TX009285,27345,Triphenylborane,E,0,0,0,-1.08353504,0,-1.3582112,-2.84133875,-2.506951069,0,0
TX009419,20625,Finasteride,E,2.383024459,0,-1.252077752,-2.581992798,-2.870404429,-3.043400222,0,0,-2.178891247,-2.078164666
TX009582,47473,Polymethylene polyphenyl isocynate,E,0,0,0,-2.052133238,-3.093301903,-0.895215751,-1.640587238,-1.658647328,0,0
TX010009,47429,Dexamethasone sodium phosphate,E,0,0,-2.818083129,2.49656224,0,-1.632835578,-1.424573725,-1.978235657,0,0
TX010112,20114,Auramine hydrochloride,E,0,0,-1.478264051,0,0,-0.889679999,0,0,0,0
TX010217,24255,Phenmedipham,E,0,0,0,-1.559713175,0,-1.193625297,0,0,0,0
TX012209,24882,Cycloheximide,E,0,0,-1.261108722,0,0,-1.147194176,0,0,0,0
TX012263,48514,PharmaGSID_48514,E,-0.942542752,0,-1.374115695,0,0,0,0,0,0,0
TX012269,48519,PharmaGSID_48519,E,0,0,0,-1.808743076,0,-1.362981275,0,0,1.122670477,0
TX012277,41745,C.I. Solvent Yellow 56,E,0,0,0,-2.296302298,0,-1.626294075,-1.601984654,0,0,0
TX012291,37564,Mefenpyr-diethyl,E,0,0,-1.081707541,0,0,-0.76055285,0,-1.142332884,0,0
TX012337,47890,"3,3'-Dimethylbisphenol A",E,0,0,0,-3.237353996,-1.046916622,-1.792620447,-1.359953977,-1.895541217,0,0
TX012623,23810,Benzethonium chloride,E,0,0,-1.757597175,-1.321942971,0,-1.305781906,-0.869398211,-1.635958235,0,0
TX013532,52585,9-Ethylcarbazole,E,0,0,-3.013368181,-1.377343229,0,-1.807251072,-1.844864451,-1.725866037,0,0
TX013756,52571,1-Chloroanthraquinone,E,1.109372668,0,-1.164356965,0,0,0,-1.008561444,0,0,0
TX014271,20110,Astemizole,E,0,0,-2.691748683,-2.147085769,-1.510059476,-2.029990566,-2.149712487,-2.582868284,0,0
TX014272,46448,Pitavastatin calcium,E,0,0,0,0,-1.609334161,-3.748568735,-4.159179676,0,0,0
TX014277,46488,Cerivastatin sodium,E,0,0,0,0,-1.805625149,-3.63035812,-4.20328941,0,0,0
TX014360,20881,4-(N-Methyl-N-nitrosamino)-1-(3-pyridyl)-1-butanone,E,0,0,-1.115633223,1.243105934,-1.299792766,0,-1.213664446,-1.045389591,0,0
TX014364,37502,Bitertanol,E,0,0,-1.758349619,-1.126040795,0,-1.30171907,-1.488927265,-1.676719966,0,0
TX014401,23309,Metoprolol,E,0,0,-1.837952104,-1.326311745,0,-1.075207418,-1.794967629,-1.515506806,0,0
TX014415,25648,1-Methyl phenanthrene,E,0,0,-1.802181809,0,0,-0.661474694,-1.650753735,-2.244526024,0,1.280117118
TX014730,51447,Tyrphostin,E,0,0,0,-0.997237843,-1.249001164,-0.880390794,0,0,0,0
TX014765,49073,Vatalanib dihydrochloride,E,0,0,0,0,-3.668553131,0,-1.506565536,0,-1.757975321,-1.691269123
TX014824,41246,"1,3-Propanediol",E,0,0,-1.548239829,1.815900595,-2.104336074,-0.901245202,-1.063952159,0,0,0
TX014891,51687,4-Chlorobenzophenone,E,0,0,-1.095877529,0,0,0,0,0,0,0
TX014918,51782,3-Hydroxy-2-pyridone,E,0,0,-2.988261132,-2.961334754,-1.155042721,-1.998616682,-1.68075718,-2.267737582,0,0
TX015217,38338,(+/-)-cis-Permethrin,E,0,0,0,-1.57370977,0,-0.80695565,0,0,0,0
TX015224,22313,"o,p'-DDE",E,0,0,-1.332859955,0,0,0,-1.031523759,0,0,0
